id,categoria,descricao,observacao
00001,A,"Peça São João, modelo ""1""",Fictício 1
00004,A,"Peça São João, modelo ""4""",
00007,A,"Peça São João, modelo ""7""",Fictício 7
00010,A,"Peça São João, modelo ""10""",Fictício 10
00013,A,"Peça São João, modelo ""13""",Fictício 13
00016,A,"Peça São João, modelo ""16""",
00019,A,"Peça São João, modelo ""19""",Fictício 19
00022,A,"Peça São João, modelo ""22""",Fictício 22
00025,A,"Peça São João, modelo ""25""",Fictício 25
00028,A,"Peça São João, modelo ""28""",
00031,A,"Peça São João, modelo ""31""",Fictício 31
00034,A,"Peça São João, modelo ""34""",Fictício 34
00037,A,"Peça São João, modelo ""37""",Fictício 37
00040,A,"Peça São João, modelo ""40""",
00043,A,"Peça São João, modelo ""43""",Fictício 43
00046,A,"Peça São João, modelo ""46""",Fictício 46
