id,categoria,descricao,observacao
00001,A,"  Peça São João, modelo ""1""  ",Fictício 1
00002,B,"  Peça São João, modelo ""2""  ",Fictício 2
00003,C,"  Peça São João, modelo ""3""  ",Fictício 3
00004,A,"  Peça São João, modelo ""4""  ",
00005,B,"  Peça São João, modelo ""5""  ",Fictício 5
00006,C,"  Peça São João, modelo ""6""  ",Fictício 6
00007,A,"  Peça São João, modelo ""7""  ",Fictício 7
00008,B,"  Peça São João, modelo ""8""  ",
00009,C,"  Peça São João, modelo ""9""  ",Fictício 9
00010,A,"  Peça São João, modelo ""10""  ",Fictício 10
00011,B,"  Peça São João, modelo ""11""  ",Fictício 11
00012,C,"  Peça São João, modelo ""12""  ",
00013,A,"  Peça São João, modelo ""13""  ",Fictício 13
00014,B,"  Peça São João, modelo ""14""  ",Fictício 14
00015,C,"  Peça São João, modelo ""15""  ",Fictício 15
00016,A,"  Peça São João, modelo ""16""  ",
00017,B,"  Peça São João, modelo ""17""  ",Fictício 17
00018,C,"  Peça São João, modelo ""18""  ",Fictício 18
00019,A,"  Peça São João, modelo ""19""  ",Fictício 19
00020,B,"  Peça São João, modelo ""20""  ",
00021,C,"  Peça São João, modelo ""21""  ",Fictício 21
00022,A,"  Peça São João, modelo ""22""  ",Fictício 22
00023,B,"  Peça São João, modelo ""23""  ",Fictício 23
00024,C,"  Peça São João, modelo ""24""  ",
00025,A,"  Peça São João, modelo ""25""  ",Fictício 25
00026,B,"  Peça São João, modelo ""26""  ",Fictício 26
00027,C,"  Peça São João, modelo ""27""  ",Fictício 27
00028,A,"  Peça São João, modelo ""28""  ",
00029,B,"  Peça São João, modelo ""29""  ",Fictício 29
00030,C,"  Peça São João, modelo ""30""  ",Fictício 30
00031,A,"  Peça São João, modelo ""31""  ",Fictício 31
00032,B,"  Peça São João, modelo ""32""  ",
00033,C,"  Peça São João, modelo ""33""  ",Fictício 33
00034,A,"  Peça São João, modelo ""34""  ",Fictício 34
00035,B,"  Peça São João, modelo ""35""  ",Fictício 35
00036,C,"  Peça São João, modelo ""36""  ",
00037,A,"  Peça São João, modelo ""37""  ",Fictício 37
00038,B,"  Peça São João, modelo ""38""  ",Fictício 38
00039,C,"  Peça São João, modelo ""39""  ",Fictício 39
00040,A,"  Peça São João, modelo ""40""  ",
00041,B,"  Peça São João, modelo ""41""  ",Fictício 41
00042,C,"  Peça São João, modelo ""42""  ",Fictício 42
00043,A,"  Peça São João, modelo ""43""  ",Fictício 43
00044,B,"  Peça São João, modelo ""44""  ",
00045,C,"  Peça São João, modelo ""45""  ",Fictício 45
00046,A,"  Peça São João, modelo ""46""  ",Fictício 46
00047,B,"  Peça São João, modelo ""47""  ",Fictício 47
00048,C,"  Peça São João, modelo ""48""  ",
